TransactionID,Amount,TransactionType,TimeOfDay,IsInternational,DeviceType,UserTenureMonths,NumPastFrauds,LocationRiskScore,IsFraud
1,46.93,cash_withdrawal,afternoon,0,mobile,88,1,10.52,0
2,301.01,transfer,morning,1,mobile,22,0,67.2,0
3,131.67,cash_withdrawal,afternoon,0,mobile,66,0,63.54,0
4,91.29,cash_withdrawal,night,0,mobile,44,0,80.58,0
5,16.96,purchase,morning,0,desktop,6,0,82.52,0
6,16.96,purchase,afternoon,0,desktop,42,0,86.82,0
7,5.98,cash_withdrawal,afternoon,0,desktop,25,0,41.41,0
8,201.12,purchase,afternoon,0,desktop,119,0,69.79,0
9,91.91,transfer,morning,0,mobile,57,0,26.83,0
10,123.13,transfer,night,0,mobile,85,0,99.93,0
11,2.08,purchase,afternoon,0,mobile,55,0,17.53,0
12,350.36,transfer,afternoon,0,mobile,16,2,1.01,0
13,178.64,purchase,afternoon,1,mobile,95,0,14.88,0
14,23.87,cash_withdrawal,afternoon,0,unknown,14,0,77.59,0
15,20.07,cash_withdrawal,afternoon,0,mobile,39,0,44.68,0
16,20.26,transfer,night,0,mobile,28,0,44.75,0
17,36.28,purchase,night,0,mobile,96,0,95.5,0
18,74.39,purchase,afternoon,0,desktop,92,0,91.96,0
19,56.55,transfer,morning,0,desktop,51,1,31.12,0
20,34.42,cash_withdrawal,night,1,mobile,119,0,20.91,0
21,94.64,transfer,morning,0,mobile,49,1,84.85,0
22,15.02,cash_withdrawal,night,0,desktop,9,0,90.6,0
23,34.55,purchase,afternoon,0,mobile,58,0,54.16,0
24,45.63,cash_withdrawal,night,0,mobile,45,0,62.94,0
25,60.89,transfer,afternoon,0,desktop,22,1,25.69,0
26,153.79,purchase,night,0,desktop,32,0,80.08,0
27,22.27,transfer,afternoon,1,mobile,69,0,63.21,0
28,72.2,transfer,afternoon,0,desktop,87,0,50.35,0
29,89.75,cash_withdrawal,afternoon,0,desktop,69,2,6.01,0
30,4.76,transfer,afternoon,0,mobile,42,0,91.59,0
31,93.53,cash_withdrawal,morning,1,unknown,53,0,61.55,0
32,18.7,purchase,afternoon,0,desktop,96,1,19.27,0
33,6.73,cash_withdrawal,morning,0,desktop,59,0,60.64,0
34,297.37,purchase,morning,0,desktop,74,0,67.75,0
35,337.06,cash_withdrawal,afternoon,0,mobile,39,0,52.58,0
36,165.23,transfer,morning,0,mobile,15,0,71.81,0
37,36.33,cash_withdrawal,night,0,mobile,71,0,58.15,0
38,10.28,cash_withdrawal,afternoon,0,mobile,29,0,94.78,0
39,115.28,purchase,morning,1,mobile,111,0,5.37,0
40,58.01,transfer,afternoon,0,desktop,3,0,10.62,0
41,13.02,cash_withdrawal,afternoon,0,desktop,83,1,17.37,0
42,68.35,transfer,afternoon,0,desktop,10,0,69.02,0
43,3.5,cash_withdrawal,morning,0,desktop,92,1,64.56,0
44,240.04,cash_withdrawal,night,0,desktop,29,1,89.21,0
45,29.95,transfer,night,0,mobile,79,0,73.29,0
46,108.63,cash_withdrawal,morning,0,mobile,35,1,50.84,0
47,37.35,transfer,afternoon,0,mobile,6,0,99.18,0
48,73.41,cash_withdrawal,morning,0,desktop,12,0,26.61,0
49,79.12,purchase,morning,0,mobile,111,0,83.32,0
50,20.44,transfer,morning,1,desktop,38,1,42.68,0
51,349.28,cash_withdrawal,afternoon,0,mobile,77,3,64.87,0
52,149.22,cash_withdrawal,morning,0,desktop,93,0,72.73,0
53,280.51,purchase,afternoon,0,desktop,19,0,63.38,0
54,225.22,transfer,morning,0,desktop,67,0,14.05,0
55,91.11,cash_withdrawal,night,0,unknown,8,1,44.3,0
56,254.94,purchase,morning,0,desktop,8,0,56.14,0
57,9.27,cash_withdrawal,morning,0,unknown,119,0,84.9,0
58,21.81,transfer,night,0,unknown,84,0,44.36,0
59,4.63,cash_withdrawal,afternoon,0,desktop,47,0,91.87,0
60,39.35,cash_withdrawal,afternoon,0,desktop,4,0,44.04,0
61,49.21,cash_withdrawal,morning,0,mobile,51,1,54.88,0
62,31.66,cash_withdrawal,night,0,mobile,85,1,79.63,0
63,176.46,purchase,afternoon,0,mobile,67,0,58.31,0
64,44.12,purchase,morning,0,mobile,45,0,96.02,0
65,32.98,transfer,night,0,mobile,8,0,66.03,0
66,78.24,purchase,afternoon,1,unknown,87,0,52.27,0
67,15.19,purchase,afternoon,0,desktop,16,0,2.36,0
68,162.05,transfer,night,1,desktop,77,0,41.37,0
69,7.75,purchase,night,0,mobile,67,0,29.92,0
70,433.41,purchase,night,0,mobile,112,0,74.81,0
71,147.95,transfer,night,0,mobile,9,1,20.83,0
72,22.15,transfer,morning,0,mobile,60,0,20.52,0
73,0.55,transfer,night,1,mobile,78,1,18.95,0
74,168.99,cash_withdrawal,afternoon,0,mobile,77,1,12.56,0
75,122.71,cash_withdrawal,afternoon,0,unknown,117,1,31.1,0
76,130.57,transfer,morning,0,desktop,71,0,88.59,0
77,147.52,transfer,afternoon,0,mobile,15,0,77.49,0
78,7.69,transfer,afternoon,0,mobile,71,0,73.53,0
79,44.39,cash_withdrawal,night,0,mobile,102,0,79.73,0
80,12.32,cash_withdrawal,afternoon,0,mobile,98,0,26.94,0
81,198.85,purchase,morning,0,unknown,41,0,88.74,0
82,97.63,purchase,night,0,mobile,22,0,13.73,0
83,40.18,transfer,night,0,mobile,24,2,33.63,0
84,6.57,cash_withdrawal,morning,0,mobile,113,0,58.67,0
85,37.25,cash_withdrawal,night,1,mobile,101,1,10.29,0
86,39.33,cash_withdrawal,night,0,desktop,44,0,73.01,0
87,130.79,transfer,morning,0,desktop,1,0,38.72,0
88,101.49,purchase,night,0,desktop,10,1,78.44,0
89,218.23,transfer,morning,0,mobile,107,0,49.29,0
90,63.91,purchase,morning,0,mobile,80,0,18.09,0
91,12.74,purchase,afternoon,1,mobile,110,0,73.48,0
92,124.91,transfer,afternoon,0,desktop,72,1,25.21,0
93,143.04,purchase,night,1,mobile,56,0,49.08,0
94,82.39,purchase,night,0,mobile,113,0,7.55,0
95,147.39,cash_withdrawal,morning,0,desktop,89,0,61.79,0
96,68.08,purchase,night,0,desktop,50,0,66.59,0
97,73.97,transfer,morning,0,mobile,12,0,37.87,0
98,55.78,transfer,morning,0,mobile,89,1,95.44,0
99,2.57,purchase,night,0,mobile,81,0,87.42,0
100,11.42,cash_withdrawal,morning,0,desktop,60,1,70.79,0
101,3.19,cash_withdrawal,afternoon,0,mobile,26,2,71.37,0
102,101.17,purchase,night,0,unknown,110,0,25.24,0
103,37.74,purchase,afternoon,0,mobile,112,0,65.68,0
104,71.04,transfer,night,0,unknown,78,0,19.82,0
105,238.13,purchase,morning,0,desktop,41,0,14.4,0
106,28.67,cash_withdrawal,night,0,mobile,36,2,99.95,0
107,52.83,purchase,afternoon,0,desktop,23,2,62.24,0
108,140.87,transfer,morning,0,mobile,43,0,43.1,0
109,25.98,transfer,night,0,unknown,6,1,28.82,0
110,8.01,transfer,night,1,desktop,111,0,60.39,0
111,34.21,transfer,night,0,mobile,69,0,4.96,0
112,17.58,transfer,afternoon,0,desktop,43,1,9.47,0
113,265.5,purchase,afternoon,0,unknown,25,2,3.29,0
114,165.09,purchase,night,0,mobile,18,0,49.92,0
115,100.35,purchase,morning,0,mobile,62,0,60.06,0
116,205.15,purchase,morning,0,desktop,13,1,6.25,0
117,162.8,transfer,afternoon,0,desktop,43,1,72.12,0
118,20.65,cash_withdrawal,morning,0,mobile,78,0,23.04,0
119,223.08,purchase,afternoon,0,mobile,28,0,68.52,0
120,77.51,cash_withdrawal,night,0,mobile,18,1,98.19,0
121,164.73,purchase,afternoon,0,mobile,59,0,69.11,0
122,226.42,purchase,afternoon,1,mobile,60,0,88.32,0
123,38.27,cash_withdrawal,night,0,unknown,63,0,94.82,0
124,11.66,transfer,morning,1,mobile,57,0,48.68,0
125,25.87,purchase,afternoon,0,desktop,92,0,70.23,0
126,55.71,purchase,afternoon,0,mobile,51,0,85.2,0
127,170.38,purchase,night,0,mobile,56,0,35.66,0
128,197.13,cash_withdrawal,morning,0,mobile,27,1,26.14,0
129,0.7,transfer,afternoon,0,mobile,32,0,94.66,0
130,71.49,cash_withdrawal,night,0,desktop,111,1,72.63,0
131,54.03,cash_withdrawal,afternoon,0,unknown,9,0,21.97,0
132,25.12,transfer,night,0,desktop,104,2,44.91,0
133,12.77,cash_withdrawal,morning,0,unknown,96,0,79.65,0
134,41.19,transfer,morning,0,desktop,84,0,54.71,0
135,286.31,purchase,morning,0,mobile,92,1,65.0,0
136,39.04,transfer,morning,0,desktop,97,0,75.38,0
137,73.15,purchase,afternoon,1,desktop,68,1,62.2,0
138,121.41,cash_withdrawal,afternoon,1,mobile,46,1,54.01,0
139,45.2,cash_withdrawal,morning,0,desktop,98,1,74.96,0
140,356.78,purchase,morning,0,mobile,112,0,72.76,0
141,328.2,cash_withdrawal,morning,0,mobile,67,1,62.99,0
142,29.01,transfer,afternoon,0,desktop,26,0,35.98,0
143,68.77,purchase,morning,0,mobile,8,1,40.58,0
144,35.79,cash_withdrawal,morning,0,mobile,6,0,97.04,0
145,33.52,purchase,morning,0,unknown,80,0,11.24,0
146,3.76,transfer,night,0,desktop,24,0,26.85,0
147,94.05,transfer,morning,0,mobile,48,0,49.24,0
148,69.85,cash_withdrawal,night,0,desktop,103,1,83.67,0
149,5.29,transfer,night,1,mobile,94,0,16.37,0
150,32.66,purchase,morning,0,mobile,45,1,27.7,0
151,238.89,transfer,night,0,unknown,13,0,6.58,0
152,27.39,purchase,morning,1,desktop,69,1,70.6,0
153,15.65,purchase,afternoon,0,mobile,25,1,23.82,0
154,67.23,transfer,afternoon,0,desktop,20,1,38.87,0
155,424.4,cash_withdrawal,afternoon,0,desktop,118,0,44.37,0
156,27.71,transfer,afternoon,0,mobile,82,0,89.13,0
157,111.52,purchase,night,0,mobile,111,1,41.13,0
158,143.39,purchase,morning,0,mobile,82,1,14.52,0
159,27.13,transfer,morning,1,desktop,66,0,52.43,0
160,130.27,cash_withdrawal,morning,0,desktop,74,0,96.3,0
161,45.85,cash_withdrawal,afternoon,0,desktop,119,1,60.77,0
162,100.05,purchase,afternoon,0,unknown,45,0,98.34,0
163,100.38,purchase,morning,0,desktop,114,1,84.11,0
164,76.74,cash_withdrawal,afternoon,0,mobile,47,1,3.6,0
165,9.46,transfer,morning,0,mobile,63,0,65.84,0
166,180.36,purchase,morning,0,mobile,76,0,28.68,0
167,38.68,purchase,morning,0,mobile,111,2,55.96,0
168,20.64,cash_withdrawal,morning,1,desktop,77,0,27.93,0
169,4.16,transfer,morning,0,desktop,114,0,34.89,0
170,89.38,cash_withdrawal,morning,0,mobile,111,0,92.32,0
171,113.19,transfer,morning,0,mobile,55,1,20.66,0
172,1.67,transfer,afternoon,1,desktop,75,0,87.41,0
173,71.76,transfer,morning,0,mobile,19,0,3.05,0
174,25.68,purchase,morning,1,mobile,35,0,9.09,0
175,103.61,cash_withdrawal,afternoon,0,mobile,103,0,85.47,0
176,19.16,cash_withdrawal,afternoon,0,mobile,53,0,63.06,0
177,117.42,transfer,afternoon,0,unknown,26,0,74.72,0
178,48.9,purchase,morning,0,mobile,110,0,20.94,0
179,276.03,purchase,night,0,mobile,14,0,53.71,0
180,14.79,cash_withdrawal,night,0,mobile,118,0,73.72,0
181,41.71,purchase,afternoon,0,unknown,45,0,62.73,0
182,12.04,purchase,night,0,mobile,44,0,47.17,0
183,258.62,transfer,afternoon,1,mobile,88,0,95.98,0
184,209.83,purchase,morning,0,mobile,105,0,67.62,0
185,29.83,transfer,night,1,mobile,65,0,90.78,1
186,107.88,cash_withdrawal,morning,0,mobile,51,0,72.98,0
187,169.95,purchase,night,0,desktop,43,2,73.55,0
188,81.01,cash_withdrawal,morning,0,mobile,119,0,8.0,0
189,75.43,cash_withdrawal,night,0,mobile,86,1,35.95,0
190,27.69,purchase,morning,0,desktop,23,0,85.84,0
191,9.77,purchase,morning,0,mobile,56,0,23.26,0
192,227.51,cash_withdrawal,night,0,mobile,118,1,11.55,0
193,230.68,purchase,morning,1,mobile,19,0,32.61,0
194,100.27,transfer,morning,0,unknown,82,1,22.04,0
195,41.4,transfer,morning,0,mobile,76,0,92.53,0
196,42.96,purchase,night,1,desktop,55,0,86.8,1
197,129.45,cash_withdrawal,night,0,desktop,92,0,49.97,0
198,227.41,purchase,morning,0,mobile,92,1,6.13,0
199,218.11,purchase,morning,0,unknown,60,0,71.46,0
200,151.36,cash_withdrawal,night,0,mobile,59,1,62.34,0
201,102.73,cash_withdrawal,night,0,mobile,33,1,97.06,0
202,8.79,transfer,morning,0,desktop,19,0,55.9,0
203,17.63,cash_withdrawal,morning,0,desktop,28,1,33.64,0
204,228.82,transfer,morning,0,desktop,52,0,51.9,0
205,93.25,cash_withdrawal,afternoon,0,mobile,49,0,97.93,0
206,0.92,purchase,night,0,mobile,37,3,69.64,0
207,10.7,transfer,afternoon,0,desktop,26,0,67.2,0
208,108.92,transfer,night,0,mobile,99,0,24.07,0
209,0.51,transfer,night,0,mobile,98,1,74.36,0
210,17.53,purchase,night,0,mobile,99,1,75.03,0
211,79.57,purchase,night,1,mobile,40,3,31.73,1
212,117.73,purchase,night,0,desktop,80,0,48.37,0
213,105.54,purchase,night,0,mobile,38,0,29.46,0
214,25.39,purchase,night,0,unknown,77,0,25.87,0
215,124.54,transfer,afternoon,0,mobile,87,0,2.59,0
216,27.08,purchase,morning,0,desktop,54,0,28.52,0
217,39.36,transfer,morning,0,mobile,22,0,55.4,0
218,137.24,purchase,afternoon,0,mobile,16,1,0.16,0
219,104.88,cash_withdrawal,afternoon,0,mobile,28,0,28.32,0
220,189.2,transfer,afternoon,0,mobile,112,1,88.14,0
221,107.18,cash_withdrawal,afternoon,1,mobile,35,0,59.36,0
222,84.0,transfer,night,0,unknown,60,0,60.79,0
223,9.84,cash_withdrawal,morning,0,desktop,45,1,40.34,0
224,45.84,purchase,night,0,mobile,46,0,67.65,0
225,30.82,purchase,morning,0,mobile,72,1,18.99,0
226,27.97,purchase,morning,0,mobile,108,1,81.87,0
227,361.23,transfer,afternoon,0,mobile,55,1,11.67,0
228,49.94,cash_withdrawal,night,0,desktop,119,0,65.6,0
229,222.61,purchase,afternoon,0,unknown,86,0,34.11,0
230,99.73,cash_withdrawal,night,0,mobile,85,0,74.75,0
231,158.38,cash_withdrawal,morning,0,mobile,26,0,54.98,0
232,69.84,purchase,afternoon,0,mobile,104,0,45.24,0
233,86.02,purchase,afternoon,0,desktop,85,2,16.94,0
234,67.83,cash_withdrawal,morning,0,mobile,25,0,63.68,0
235,21.72,purchase,morning,0,desktop,105,0,97.48,0
236,128.18,purchase,morning,0,desktop,65,0,82.56,0
237,32.96,purchase,afternoon,1,mobile,6,1,6.0,0
238,2.46,transfer,night,0,desktop,23,2,37.62,0
239,103.7,cash_withdrawal,afternoon,0,mobile,115,1,92.56,0
240,19.49,cash_withdrawal,night,0,desktop,64,0,50.3,0
241,282.11,transfer,afternoon,0,mobile,87,0,66.21,0
242,307.76,cash_withdrawal,afternoon,0,mobile,43,0,91.26,0
243,246.35,purchase,morning,0,unknown,107,0,87.38,0
244,46.23,cash_withdrawal,night,0,desktop,23,0,50.18,0
245,1.56,purchase,afternoon,0,desktop,96,1,43.76,0
246,263.55,transfer,afternoon,0,mobile,30,0,33.97,0
247,55.89,purchase,morning,0,desktop,77,0,71.9,0
248,340.08,cash_withdrawal,morning,0,mobile,107,1,28.7,0
249,331.37,cash_withdrawal,night,1,desktop,18,2,24.99,1
250,191.74,cash_withdrawal,afternoon,0,mobile,87,1,35.62,0
251,34.88,transfer,night,0,unknown,79,0,17.72,0
252,48.63,transfer,afternoon,0,unknown,97,1,69.51,0
253,190.47,cash_withdrawal,night,1,desktop,21,0,61.62,0
254,38.11,purchase,morning,0,mobile,57,0,48.29,0
255,18.57,transfer,afternoon,0,mobile,103,0,39.03,0
256,81.37,cash_withdrawal,night,0,desktop,23,1,90.91,0
257,275.13,cash_withdrawal,morning,0,mobile,91,1,2.91,0
258,119.08,transfer,morning,0,desktop,45,1,76.91,0
259,84.41,transfer,night,0,mobile,44,0,90.19,0
260,10.22,transfer,afternoon,0,mobile,82,1,44.64,0
261,95.45,purchase,afternoon,0,unknown,88,0,55.07,0
262,461.06,purchase,morning,0,desktop,115,0,94.45,0
263,15.09,cash_withdrawal,afternoon,1,mobile,47,1,21.23,0
264,73.05,transfer,afternoon,0,mobile,40,1,52.01,0
265,209.86,purchase,afternoon,0,mobile,51,0,47.47,0
266,135.0,transfer,morning,0,desktop,42,1,25.84,0
267,119.41,cash_withdrawal,night,1,mobile,7,2,81.86,1
268,121.23,purchase,afternoon,0,unknown,50,0,89.96,0
269,44.55,purchase,morning,1,desktop,48,0,78.19,0
270,34.76,purchase,morning,0,mobile,84,2,19.54,0
271,165.74,cash_withdrawal,night,0,desktop,91,0,8.67,0
272,166.13,transfer,afternoon,0,mobile,6,0,60.54,0
273,201.8,purchase,afternoon,1,mobile,91,1,5.71,0
274,244.46,cash_withdrawal,night,0,unknown,9,0,67.28,0
275,71.61,transfer,night,1,mobile,117,0,53.04,0
276,69.62,cash_withdrawal,morning,1,mobile,109,1,66.28,0
277,160.09,transfer,morning,0,mobile,57,1,59.02,0
278,104.97,cash_withdrawal,night,0,mobile,31,0,42.27,0
279,121.06,transfer,afternoon,1,mobile,21,2,20.09,0
280,158.86,purchase,morning,0,desktop,90,0,30.57,0
281,220.73,transfer,morning,0,desktop,40,0,52.45,0
282,41.25,cash_withdrawal,afternoon,0,desktop,112,0,65.19,0
283,47.09,cash_withdrawal,morning,0,mobile,45,1,77.95,0
284,9.87,transfer,afternoon,1,mobile,77,0,76.72,0
285,86.34,purchase,afternoon,0,mobile,49,0,97.27,0
286,3.66,purchase,afternoon,0,mobile,87,0,28.58,0
287,62.66,transfer,night,0,mobile,20,0,7.11,0
288,78.23,transfer,night,0,mobile,101,0,34.57,0
289,33.76,cash_withdrawal,night,1,mobile,118,0,74.33,1
290,89.36,purchase,afternoon,0,mobile,117,1,43.81,0
291,3.1,transfer,afternoon,0,unknown,92,0,81.78,0
292,3.81,purchase,night,0,unknown,17,2,54.93,0
293,172.94,transfer,morning,0,desktop,28,0,92.98,0
294,44.66,transfer,afternoon,1,unknown,41,0,94.79,1
295,13.59,purchase,morning,0,desktop,66,0,6.93,0
296,73.87,transfer,morning,0,mobile,25,0,45.64,0
297,146.96,transfer,afternoon,0,mobile,58,0,60.97,0
298,24.31,cash_withdrawal,afternoon,1,desktop,114,1,25.59,0
299,97.52,transfer,morning,0,desktop,41,0,40.71,0
300,8.92,transfer,morning,0,desktop,6,0,67.77,0
301,5.31,transfer,night,0,desktop,75,0,22.67,0
302,75.79,cash_withdrawal,night,1,mobile,38,1,60.2,0
303,77.79,purchase,afternoon,0,desktop,6,2,69.74,0
304,101.45,cash_withdrawal,night,0,unknown,45,0,9.05,0
305,129.5,cash_withdrawal,night,0,mobile,75,2,49.75,0
306,372.36,purchase,night,0,desktop,14,1,26.31,0
307,72.63,cash_withdrawal,night,0,mobile,66,1,72.44,0
308,39.0,purchase,morning,1,desktop,40,0,18.96,0
309,158.57,cash_withdrawal,afternoon,0,desktop,3,1,89.22,0
310,31.59,purchase,night,0,mobile,119,0,43.09,0
311,57.8,transfer,morning,0,desktop,117,0,19.8,0
312,8.17,cash_withdrawal,morning,0,mobile,99,2,43.8,0
313,2.57,cash_withdrawal,morning,0,desktop,97,0,40.87,0
314,328.74,cash_withdrawal,night,1,mobile,24,1,42.89,0
315,180.78,cash_withdrawal,night,0,desktop,19,0,58.56,0
316,119.06,transfer,afternoon,0,mobile,18,1,52.12,0
317,52.59,cash_withdrawal,night,0,desktop,64,0,14.98,0
318,19.03,transfer,night,0,mobile,113,0,6.56,0
319,17.01,transfer,morning,0,desktop,116,0,72.94,0
320,28.8,transfer,afternoon,0,unknown,88,1,55.97,0
321,79.68,transfer,night,1,unknown,109,1,35.9,1
322,125.38,purchase,night,0,desktop,35,0,80.84,0
323,107.94,purchase,morning,0,desktop,62,0,38.81,0
324,32.84,cash_withdrawal,morning,1,mobile,1,1,79.6,0
325,309.81,purchase,night,0,mobile,100,2,30.58,0
326,133.9,purchase,afternoon,0,mobile,25,1,7.28,0
327,80.82,cash_withdrawal,afternoon,0,desktop,45,1,93.26,0
328,94.6,cash_withdrawal,morning,0,unknown,49,0,39.46,0
329,54.4,cash_withdrawal,morning,0,mobile,107,1,79.27,0
330,28.47,purchase,night,0,unknown,98,0,27.91,0
331,44.0,purchase,morning,0,desktop,89,2,64.64,0
332,141.82,cash_withdrawal,night,0,desktop,16,1,87.33,0
333,1.45,transfer,afternoon,0,mobile,98,0,4.16,0
334,12.34,cash_withdrawal,afternoon,0,mobile,93,0,83.06,0
335,4.71,transfer,night,0,mobile,19,0,57.13,0
336,4.16,transfer,morning,0,desktop,23,1,60.75,0
337,193.42,cash_withdrawal,afternoon,0,mobile,83,0,52.32,0
338,121.62,cash_withdrawal,morning,1,mobile,25,0,87.45,0
339,64.28,cash_withdrawal,afternoon,0,desktop,16,0,4.34,0
340,10.3,purchase,night,0,desktop,54,0,26.1,0
341,67.65,transfer,night,1,unknown,115,1,87.58,1
342,64.15,purchase,night,0,mobile,73,2,75.23,0
343,19.02,purchase,afternoon,0,mobile,1,1,1.76,0
344,56.89,cash_withdrawal,morning,0,desktop,42,0,51.7,0
345,50.83,purchase,morning,1,mobile,19,0,52.96,0
346,95.67,cash_withdrawal,morning,0,mobile,97,0,40.09,0
347,100.81,transfer,afternoon,0,mobile,34,0,29.74,0
348,4.64,cash_withdrawal,afternoon,1,mobile,80,1,68.17,0
349,46.94,purchase,afternoon,0,mobile,108,1,20.78,0
350,98.31,purchase,afternoon,0,mobile,104,1,79.89,0
351,69.94,cash_withdrawal,afternoon,0,mobile,55,0,80.3,0
352,194.13,cash_withdrawal,morning,0,mobile,18,0,41.53,0
353,107.5,purchase,afternoon,0,desktop,34,0,28.35,0
354,17.79,transfer,afternoon,0,mobile,89,0,28.39,0
355,7.32,transfer,morning,0,desktop,45,1,48.23,0
356,102.84,cash_withdrawal,afternoon,1,mobile,6,1,71.96,0
357,2.69,transfer,morning,0,mobile,21,1,35.89,0
358,88.13,purchase,morning,0,desktop,70,0,61.0,0
359,281.73,cash_withdrawal,night,0,mobile,96,2,38.25,0
360,85.68,purchase,night,0,mobile,105,0,30.45,0
361,49.13,purchase,night,0,mobile,48,0,2.49,0
362,103.08,transfer,night,0,unknown,107,0,0.39,0
363,61.3,cash_withdrawal,afternoon,0,mobile,39,1,22.72,0
364,78.88,cash_withdrawal,night,0,mobile,31,0,40.64,0
365,283.81,transfer,morning,0,desktop,106,0,85.13,0
366,48.79,purchase,afternoon,0,mobile,10,0,79.85,0
367,324.91,purchase,night,0,mobile,30,1,26.72,0
368,235.76,purchase,morning,0,mobile,116,0,24.45,0
369,21.79,purchase,afternoon,0,desktop,18,1,22.73,0
370,7.19,cash_withdrawal,afternoon,0,mobile,60,0,33.92,0
371,10.62,cash_withdrawal,night,0,mobile,88,0,49.82,0
372,1.84,transfer,afternoon,1,mobile,116,0,43.87,0
373,9.92,transfer,morning,0,desktop,73,0,21.83,0
374,114.89,cash_withdrawal,afternoon,0,mobile,95,0,13.05,0
375,7.38,cash_withdrawal,morning,0,unknown,15,1,1.26,0
376,38.42,purchase,afternoon,0,mobile,4,1,15.4,0
377,186.35,purchase,night,0,unknown,63,2,70.54,1
378,2.35,transfer,morning,0,unknown,40,1,24.36,0
379,168.45,cash_withdrawal,afternoon,0,mobile,9,1,46.86,0
380,33.11,transfer,afternoon,1,mobile,109,1,59.13,0
381,12.58,cash_withdrawal,afternoon,0,mobile,9,0,88.68,0
382,119.32,purchase,morning,1,mobile,26,0,88.89,0
383,99.14,transfer,morning,0,desktop,4,1,74.57,0
384,209.94,transfer,morning,0,mobile,81,0,3.52,0
385,132.83,cash_withdrawal,night,0,mobile,16,0,57.51,0
386,162.7,purchase,night,0,mobile,15,0,78.66,0
387,33.13,transfer,morning,0,unknown,99,1,1.73,0
388,19.53,purchase,afternoon,1,mobile,52,0,54.97,0
389,138.88,transfer,night,0,mobile,69,1,85.78,0
390,164.42,purchase,morning,0,mobile,119,0,47.41,0
391,465.7,cash_withdrawal,afternoon,0,unknown,5,0,0.41,0
392,53.21,transfer,night,0,desktop,20,2,1.1,0
393,46.52,transfer,afternoon,0,mobile,79,0,41.66,0
394,149.8,purchase,afternoon,0,mobile,18,0,15.5,0
395,41.67,purchase,afternoon,0,mobile,111,0,66.45,0
396,267.01,transfer,afternoon,0,mobile,2,0,70.88,0
397,195.48,cash_withdrawal,night,0,unknown,93,1,17.79,0
398,56.04,purchase,night,1,desktop,13,1,88.85,1
399,138.98,purchase,night,0,mobile,4,1,44.19,0
400,140.46,purchase,morning,0,desktop,42,0,14.28,0
401,10.88,transfer,night,0,mobile,109,0,76.43,0
402,232.84,transfer,afternoon,1,desktop,74,0,79.0,0
403,70.37,transfer,night,0,desktop,61,2,63.93,0
404,175.13,transfer,afternoon,1,mobile,95,0,85.35,0
405,38.57,cash_withdrawal,morning,0,desktop,105,0,73.74,0
406,225.88,cash_withdrawal,afternoon,0,mobile,8,1,88.22,0
407,49.3,transfer,afternoon,0,mobile,67,0,43.39,0
408,1.09,cash_withdrawal,afternoon,1,mobile,112,0,74.76,0
409,235.79,purchase,morning,0,mobile,63,0,99.98,0
410,9.57,purchase,night,0,desktop,110,1,72.49,0
411,38.47,purchase,night,0,unknown,9,1,11.42,0
412,299.7,transfer,morning,0,desktop,94,0,51.83,0
413,300.79,purchase,afternoon,0,desktop,117,2,58.73,0
414,85.2,cash_withdrawal,night,0,desktop,11,0,17.42,0
415,99.92,transfer,morning,1,mobile,99,0,96.29,0
416,59.5,cash_withdrawal,night,0,mobile,101,1,17.56,0
417,34.7,purchase,morning,0,mobile,42,0,17.76,0
418,39.85,purchase,afternoon,0,desktop,13,4,91.52,0
419,111.63,purchase,night,0,unknown,36,0,46.52,0
420,139.58,transfer,morning,0,mobile,13,0,6.32,0
421,156.82,cash_withdrawal,night,0,desktop,12,0,59.82,0
422,155.88,transfer,night,0,desktop,37,0,60.18,0
423,9.56,transfer,night,1,mobile,74,0,6.45,0
424,68.2,purchase,night,1,mobile,73,0,97.25,1
425,5.93,transfer,morning,0,mobile,52,0,54.4,0
426,79.75,transfer,afternoon,1,mobile,71,0,55.98,0
427,58.26,purchase,morning,0,mobile,2,0,52.01,0
428,218.66,transfer,morning,0,mobile,118,0,61.07,0
429,43.22,purchase,morning,0,mobile,56,0,26.43,0
430,12.45,purchase,afternoon,0,mobile,60,1,28.72,0
431,15.43,purchase,night,0,desktop,23,0,51.13,0
432,143.34,purchase,night,1,mobile,103,1,80.67,1
433,96.29,transfer,night,0,desktop,40,0,4.99,0
434,10.66,purchase,afternoon,1,mobile,64,0,60.34,0
435,8.79,purchase,night,0,mobile,103,0,80.68,0
436,120.72,transfer,afternoon,0,unknown,85,1,15.69,0
437,7.55,transfer,night,1,mobile,23,1,1.5,0
438,172.52,cash_withdrawal,night,0,mobile,29,0,31.27,0
439,122.5,transfer,morning,0,desktop,78,0,58.81,0
440,8.48,transfer,afternoon,0,mobile,90,0,13.83,0
441,8.87,cash_withdrawal,morning,0,mobile,51,0,42.61,0
442,431.55,transfer,morning,0,mobile,69,0,55.23,0
443,46.88,transfer,morning,0,mobile,119,0,59.89,0
444,46.31,transfer,afternoon,0,mobile,95,1,27.44,0
445,167.56,transfer,afternoon,1,mobile,89,1,40.0,0
446,294.22,cash_withdrawal,night,0,desktop,31,0,77.83,0
447,426.88,transfer,morning,0,desktop,50,0,94.12,0
448,139.99,transfer,night,0,desktop,20,0,86.19,0
449,47.2,cash_withdrawal,morning,1,desktop,108,1,56.43,0
450,8.72,purchase,afternoon,0,desktop,55,1,41.03,0
451,150.12,cash_withdrawal,afternoon,0,mobile,81,1,33.3,0
452,81.74,purchase,afternoon,0,desktop,109,1,12.5,0
453,55.2,cash_withdrawal,morning,0,desktop,2,0,10.66,0
454,236.82,cash_withdrawal,afternoon,0,desktop,25,0,68.84,0
455,11.79,transfer,morning,0,mobile,13,0,25.98,0
456,67.85,purchase,night,0,mobile,103,1,25.47,0
457,1.14,transfer,morning,0,mobile,92,0,99.82,0
458,63.24,purchase,night,0,desktop,106,0,18.79,0
459,5.8,cash_withdrawal,morning,1,mobile,119,0,14.81,0
460,12.65,cash_withdrawal,night,1,desktop,70,0,9.87,0
461,12.5,purchase,afternoon,0,mobile,67,1,57.98,0
462,104.76,transfer,night,1,mobile,58,1,62.79,0
463,137.06,transfer,afternoon,0,mobile,99,0,36.52,0
464,87.56,transfer,afternoon,0,mobile,82,1,53.54,0
465,327.47,transfer,night,0,mobile,75,0,78.84,0
466,46.98,cash_withdrawal,morning,0,mobile,118,1,81.81,0
467,33.65,cash_withdrawal,morning,0,unknown,84,0,95.79,0
468,202.95,cash_withdrawal,morning,1,mobile,64,1,82.43,0
469,25.31,cash_withdrawal,morning,0,mobile,69,0,56.48,0
470,330.29,cash_withdrawal,morning,1,desktop,83,2,17.97,0
471,1.22,transfer,afternoon,0,desktop,86,0,9.98,0
472,350.25,transfer,morning,0,desktop,59,0,5.45,0
473,4.41,transfer,afternoon,0,mobile,60,2,66.65,0
474,221.77,transfer,afternoon,0,desktop,83,0,80.75,0
475,75.01,cash_withdrawal,afternoon,0,desktop,111,0,50.87,0
476,495.68,cash_withdrawal,night,0,mobile,62,1,5.47,0
477,7.67,cash_withdrawal,night,0,mobile,16,2,53.55,0
478,80.71,purchase,afternoon,0,mobile,88,0,93.57,0
479,348.36,transfer,night,0,mobile,105,0,59.76,0
480,74.04,transfer,morning,0,desktop,68,0,80.94,0
481,99.26,cash_withdrawal,morning,0,mobile,15,0,80.02,0
482,118.99,transfer,afternoon,0,unknown,89,0,93.21,0
483,60.61,transfer,morning,0,mobile,108,1,77.02,0
484,98.77,cash_withdrawal,afternoon,0,mobile,55,0,74.77,0
485,87.78,purchase,afternoon,1,mobile,35,0,23.41,0
486,231.42,purchase,morning,0,mobile,55,0,5.99,0
487,4.65,purchase,night,1,desktop,14,1,51.76,0
488,32.98,cash_withdrawal,morning,0,desktop,49,0,12.44,0
489,300.4,transfer,morning,1,mobile,83,0,96.22,0
490,220.97,cash_withdrawal,afternoon,1,mobile,102,0,28.99,0
491,60.82,cash_withdrawal,afternoon,0,mobile,100,0,85.29,0
492,96.79,transfer,afternoon,0,desktop,7,0,38.76,0
493,32.49,purchase,afternoon,0,mobile,30,2,32.32,0
494,20.84,purchase,night,0,mobile,83,2,93.52,0
495,62.31,cash_withdrawal,night,0,desktop,49,0,36.33,0
496,43.6,purchase,night,0,unknown,89,1,39.03,0
497,87.62,cash_withdrawal,afternoon,0,mobile,16,2,10.61,0
498,8.09,cash_withdrawal,afternoon,0,mobile,111,2,67.04,0
499,366.5,transfer,afternoon,0,desktop,118,0,28.88,0
500,428.39,transfer,night,0,desktop,104,0,58.56,0
501,119.79,transfer,afternoon,1,mobile,51,0,59.14,0
502,76.81,cash_withdrawal,morning,0,unknown,72,1,71.92,0
503,37.04,transfer,morning,0,desktop,82,0,74.52,0
504,168.09,purchase,afternoon,0,mobile,92,0,51.45,0
505,115.43,purchase,morning,0,mobile,80,3,33.1,0
506,17.75,cash_withdrawal,morning,1,mobile,116,2,83.75,1
507,241.83,cash_withdrawal,night,1,desktop,83,0,30.99,0
508,172.9,transfer,afternoon,1,mobile,42,0,50.75,0
509,299.17,cash_withdrawal,afternoon,0,desktop,17,1,40.13,0
510,129.36,cash_withdrawal,night,0,desktop,63,0,85.51,0
511,95.04,purchase,morning,0,mobile,45,1,43.19,0
512,54.17,purchase,morning,0,desktop,77,0,38.61,0
513,269.9,transfer,afternoon,1,unknown,7,1,68.98,0
514,201.04,cash_withdrawal,morning,0,mobile,27,1,60.24,0
515,4.63,cash_withdrawal,night,0,mobile,10,0,10.72,0
516,2.67,purchase,night,0,mobile,34,1,50.82,0
517,47.23,cash_withdrawal,afternoon,0,desktop,36,0,73.55,0
518,166.36,purchase,night,0,unknown,25,1,99.21,0
519,436.43,transfer,night,0,mobile,6,2,62.91,0
520,16.3,purchase,afternoon,0,desktop,24,0,37.03,0
521,90.17,cash_withdrawal,night,0,mobile,18,1,22.62,0
522,47.95,transfer,night,0,mobile,87,0,87.28,0
523,350.37,purchase,night,0,mobile,6,0,81.46,0
524,184.59,purchase,morning,0,mobile,29,0,23.39,0
525,182.22,transfer,afternoon,1,mobile,25,0,20.06,0
526,63.24,transfer,afternoon,0,mobile,55,1,71.51,0
527,53.58,purchase,afternoon,0,mobile,81,0,31.5,0
528,31.94,cash_withdrawal,morning,0,unknown,46,2,30.64,0
529,5.8,purchase,morning,0,mobile,24,0,15.23,0
530,200.04,transfer,afternoon,1,mobile,75,1,26.4,0
531,167.61,purchase,morning,0,mobile,26,2,42.75,0
532,817.24,transfer,afternoon,0,desktop,115,0,73.28,0
533,569.49,transfer,morning,0,mobile,98,1,33.63,0
534,81.07,cash_withdrawal,night,0,mobile,28,1,32.86,0
535,146.53,transfer,night,0,unknown,3,0,28.49,0
536,289.62,transfer,afternoon,0,mobile,75,0,47.83,0
537,189.48,cash_withdrawal,morning,0,mobile,38,0,18.06,0
538,28.42,transfer,morning,0,desktop,61,0,48.56,0
539,59.88,cash_withdrawal,night,0,mobile,78,0,70.42,0
540,13.83,cash_withdrawal,night,1,mobile,51,0,2.98,0
541,308.02,transfer,morning,0,mobile,90,1,0.98,0
542,93.18,transfer,morning,0,mobile,48,1,7.51,0
543,25.96,purchase,morning,0,mobile,21,1,53.57,0
544,111.38,cash_withdrawal,morning,0,mobile,54,1,85.45,0
545,96.27,purchase,morning,0,mobile,56,0,0.49,0
546,44.34,transfer,morning,0,mobile,103,0,93.67,0
547,12.05,purchase,afternoon,0,desktop,94,0,10.63,0
548,111.34,cash_withdrawal,morning,0,mobile,59,1,84.2,0
549,73.46,purchase,night,0,mobile,72,2,48.29,0
550,147.98,cash_withdrawal,afternoon,0,desktop,51,1,65.94,0
551,73.43,transfer,morning,0,desktop,20,0,51.07,0
552,191.18,transfer,night,0,mobile,112,0,47.7,0
553,80.28,cash_withdrawal,afternoon,1,unknown,96,2,83.49,1
554,82.31,transfer,night,0,mobile,86,0,75.59,0
555,209.28,transfer,morning,0,mobile,59,1,48.34,0
556,51.66,transfer,morning,0,desktop,71,1,11.16,0
557,14.39,transfer,morning,0,mobile,9,0,11.54,0
558,2.92,cash_withdrawal,morning,0,mobile,109,1,80.15,0
559,140.71,purchase,afternoon,0,mobile,1,2,52.94,0
560,96.84,purchase,afternoon,0,mobile,29,0,48.16,0
561,121.77,transfer,night,0,mobile,63,2,68.06,0
562,23.95,purchase,morning,0,unknown,72,1,85.88,0
563,14.66,purchase,night,0,mobile,56,0,62.89,0
564,1.47,transfer,afternoon,0,desktop,118,1,76.28,0
565,43.17,transfer,morning,1,mobile,68,1,76.53,0
566,89.14,purchase,morning,0,desktop,35,1,35.63,0
567,49.8,cash_withdrawal,afternoon,0,desktop,3,0,27.41,0
568,57.53,transfer,afternoon,0,desktop,118,1,80.12,0
569,234.51,cash_withdrawal,afternoon,0,mobile,109,0,37.72,0
570,42.81,purchase,afternoon,0,mobile,104,0,90.33,0
571,72.15,transfer,afternoon,0,mobile,7,0,6.97,0
572,153.09,cash_withdrawal,morning,0,desktop,27,1,5.82,0
573,50.51,transfer,afternoon,0,desktop,1,0,92.7,0
574,97.31,purchase,morning,1,mobile,91,0,64.85,0
575,198.31,cash_withdrawal,morning,0,mobile,80,0,37.96,0
576,298.62,purchase,afternoon,0,mobile,102,0,75.51,0
577,15.91,purchase,afternoon,0,desktop,71,0,67.23,0
578,261.17,transfer,morning,0,mobile,44,0,53.12,0
579,67.75,cash_withdrawal,afternoon,0,desktop,87,2,9.89,0
580,29.87,purchase,afternoon,1,unknown,41,0,81.22,1
581,61.46,purchase,afternoon,0,mobile,75,0,86.6,0
582,391.37,cash_withdrawal,night,0,mobile,42,0,17.22,0
583,67.85,purchase,morning,0,mobile,117,0,85.05,0
584,39.86,purchase,night,0,mobile,33,0,87.78,0
585,100.35,cash_withdrawal,afternoon,0,mobile,50,0,54.94,0
586,27.46,cash_withdrawal,night,0,mobile,63,0,65.62,0
587,7.89,cash_withdrawal,afternoon,0,desktop,100,0,38.22,0
588,13.8,cash_withdrawal,night,0,mobile,37,0,28.18,0
589,13.7,transfer,afternoon,0,mobile,105,0,72.2,0
590,16.48,cash_withdrawal,night,0,unknown,59,0,86.19,0
591,14.95,transfer,night,0,desktop,81,0,65.41,0
592,102.41,transfer,night,0,mobile,99,0,51.16,0
593,20.07,transfer,morning,0,mobile,48,0,15.89,0
594,42.41,purchase,night,0,mobile,5,0,5.35,0
595,227.1,transfer,morning,0,desktop,48,0,44.57,0
596,64.24,transfer,afternoon,1,desktop,96,0,4.93,0
597,110.13,purchase,night,0,desktop,3,0,56.93,0
598,18.91,purchase,afternoon,0,mobile,116,0,38.27,0
599,21.36,purchase,afternoon,0,desktop,47,1,75.72,0
600,4.17,cash_withdrawal,night,0,mobile,62,0,30.56,0
601,18.5,purchase,morning,0,mobile,99,1,59.3,0
602,32.65,purchase,night,0,mobile,116,0,53.77,0
603,19.48,transfer,afternoon,1,mobile,14,2,0.47,0
604,9.29,purchase,afternoon,0,mobile,63,0,7.24,0
605,12.86,cash_withdrawal,night,0,desktop,112,0,29.04,0
606,61.76,purchase,morning,0,unknown,61,0,88.22,0
607,23.11,cash_withdrawal,morning,0,mobile,31,0,14.7,0
608,45.3,purchase,afternoon,0,mobile,95,0,71.09,0
609,70.0,purchase,afternoon,0,mobile,17,0,97.34,0
610,117.25,purchase,morning,0,mobile,24,2,79.06,0
611,4.01,purchase,night,1,mobile,116,1,24.29,0
612,160.65,cash_withdrawal,afternoon,0,unknown,23,1,90.84,0
613,98.86,cash_withdrawal,morning,0,mobile,82,0,9.31,0
614,8.53,transfer,afternoon,0,mobile,50,0,46.81,0
615,206.81,cash_withdrawal,night,0,mobile,118,0,88.75,0
616,253.67,purchase,morning,0,desktop,78,0,64.13,0
617,6.3,transfer,afternoon,0,desktop,114,1,41.36,0
618,32.42,transfer,night,0,unknown,79,0,29.28,0
619,164.09,transfer,afternoon,0,desktop,79,0,37.51,0
620,137.94,purchase,night,0,mobile,70,0,50.89,0
621,20.4,cash_withdrawal,night,0,mobile,27,4,31.9,0
622,23.49,purchase,morning,0,desktop,15,0,96.9,0
623,46.28,transfer,night,0,mobile,50,0,93.31,0
624,66.27,purchase,afternoon,0,mobile,36,1,87.07,0
625,96.3,purchase,night,0,mobile,119,0,42.18,0
626,46.03,cash_withdrawal,night,0,mobile,8,1,69.13,0
627,62.09,cash_withdrawal,morning,0,mobile,79,0,90.28,0
628,137.62,transfer,night,1,mobile,3,1,85.04,1
629,3.74,purchase,night,0,desktop,62,0,41.43,0
630,29.09,purchase,afternoon,0,mobile,47,1,11.24,0
631,124.95,cash_withdrawal,morning,0,mobile,77,1,7.56,0
632,225.58,purchase,morning,0,mobile,105,0,57.71,0
633,71.68,purchase,morning,0,mobile,98,1,64.26,0
634,75.95,purchase,night,0,mobile,88,0,84.98,0
635,11.34,cash_withdrawal,morning,0,mobile,104,1,29.25,0
636,59.31,transfer,night,0,mobile,96,0,16.75,0
637,76.06,transfer,night,0,mobile,61,0,37.9,0
638,27.77,purchase,afternoon,0,mobile,32,0,35.36,0
639,31.37,transfer,afternoon,0,mobile,94,0,13.25,0
640,47.37,cash_withdrawal,afternoon,0,mobile,116,0,67.23,0
641,2.03,cash_withdrawal,afternoon,0,mobile,113,2,50.87,0
642,38.87,transfer,afternoon,0,mobile,13,0,72.11,0
643,23.76,transfer,night,0,desktop,1,0,35.27,0
644,39.67,purchase,night,0,mobile,34,0,32.57,0
645,12.76,transfer,morning,1,mobile,62,1,47.26,0
646,221.21,purchase,night,0,mobile,79,1,87.74,0
647,90.04,purchase,night,1,desktop,108,0,4.03,0
648,113.66,cash_withdrawal,afternoon,0,desktop,78,0,80.48,0
649,155.67,cash_withdrawal,night,1,desktop,93,0,36.9,0
650,69.0,cash_withdrawal,afternoon,0,desktop,98,1,85.46,0
651,9.09,cash_withdrawal,morning,0,mobile,82,0,80.22,0
652,77.03,transfer,morning,0,desktop,118,1,34.88,0
653,88.39,cash_withdrawal,night,0,mobile,71,0,69.39,0
654,136.82,transfer,morning,0,mobile,93,0,15.96,0
655,56.5,cash_withdrawal,night,0,mobile,119,0,89.63,0
656,13.65,transfer,morning,0,mobile,31,0,40.45,0
657,33.38,purchase,afternoon,0,unknown,64,1,45.56,0
658,45.11,transfer,afternoon,1,mobile,25,0,70.58,0
659,103.82,transfer,afternoon,1,desktop,38,0,82.08,0
660,84.58,cash_withdrawal,afternoon,1,mobile,14,2,23.63,0
661,44.02,transfer,night,0,mobile,8,0,66.14,0
662,430.62,purchase,morning,0,mobile,91,1,39.2,0
663,93.08,purchase,night,0,mobile,54,1,36.87,0
664,27.08,cash_withdrawal,afternoon,0,desktop,2,1,69.0,0
665,10.73,purchase,night,0,mobile,81,0,38.72,0
666,16.59,transfer,morning,0,mobile,101,0,34.61,0
667,28.23,purchase,night,0,desktop,78,0,83.59,0
668,17.52,cash_withdrawal,morning,0,mobile,89,1,10.13,0
669,20.65,transfer,night,1,unknown,56,1,67.59,1
670,33.56,cash_withdrawal,morning,0,mobile,94,1,24.87,0
671,19.04,transfer,morning,1,mobile,93,0,1.55,0
672,227.08,purchase,afternoon,0,mobile,84,0,16.68,0
673,8.36,cash_withdrawal,morning,0,mobile,85,2,60.67,0
674,74.34,cash_withdrawal,afternoon,0,mobile,61,0,70.91,0
675,52.83,transfer,afternoon,0,desktop,117,0,2.11,0
676,403.86,cash_withdrawal,afternoon,0,desktop,22,0,3.64,0
677,11.88,transfer,night,0,desktop,35,1,90.25,0
678,50.73,transfer,night,0,mobile,101,0,7.33,0
679,348.91,transfer,night,0,mobile,16,1,89.42,0
680,200.62,transfer,night,0,mobile,50,1,22.82,0
681,169.87,purchase,morning,1,mobile,113,0,74.0,0
682,29.83,transfer,morning,0,desktop,43,0,30.97,0
683,18.74,cash_withdrawal,night,0,mobile,17,0,85.88,0
684,110.46,purchase,morning,0,mobile,80,0,70.05,0
685,265.04,cash_withdrawal,morning,0,mobile,58,0,40.18,0
686,81.37,purchase,afternoon,0,unknown,119,0,7.63,0
687,84.77,transfer,afternoon,0,mobile,2,1,73.27,0
688,32.85,purchase,afternoon,1,mobile,4,0,61.69,0
689,146.75,purchase,afternoon,0,mobile,85,0,0.29,0
690,20.71,cash_withdrawal,morning,1,mobile,39,1,0.94,0
691,39.11,cash_withdrawal,night,1,mobile,98,2,80.88,1
692,55.41,transfer,morning,0,mobile,94,0,25.94,0
693,70.85,purchase,morning,0,desktop,6,0,63.61,0
694,27.76,purchase,morning,1,mobile,81,0,45.42,0
695,12.2,purchase,afternoon,0,desktop,103,2,86.34,0
696,94.32,transfer,afternoon,0,unknown,89,0,91.7,0
697,34.06,transfer,afternoon,1,desktop,69,1,99.68,0
698,87.05,transfer,night,0,mobile,69,0,15.37,0
699,16.77,transfer,morning,0,mobile,20,0,86.3,0
700,65.61,transfer,night,0,desktop,64,0,26.6,0
701,76.05,cash_withdrawal,afternoon,0,desktop,16,1,59.08,0
702,5.32,purchase,night,0,mobile,51,0,50.58,0
703,41.04,purchase,morning,0,desktop,105,1,1.8,0
704,14.43,purchase,morning,0,mobile,37,1,93.28,0
705,6.55,purchase,afternoon,0,mobile,104,0,7.83,0
706,460.12,purchase,afternoon,0,mobile,73,1,68.82,0
707,38.91,purchase,night,0,mobile,69,0,78.5,0
708,166.01,purchase,afternoon,0,mobile,42,0,79.53,0
709,29.39,purchase,afternoon,0,desktop,57,0,13.55,0
710,114.41,cash_withdrawal,morning,0,mobile,66,0,44.76,0
711,142.81,purchase,afternoon,0,mobile,9,3,82.94,0
712,90.54,cash_withdrawal,afternoon,0,mobile,107,0,30.27,0
713,63.79,transfer,morning,1,mobile,100,0,46.77,0
714,53.08,purchase,morning,0,mobile,86,1,27.28,0
715,42.9,transfer,night,0,desktop,64,1,46.36,0
716,265.26,transfer,afternoon,0,desktop,86,0,88.78,0
717,177.56,transfer,morning,0,desktop,22,0,45.51,0
718,335.32,cash_withdrawal,night,0,desktop,34,2,55.59,0
719,13.27,transfer,night,0,mobile,55,0,40.4,0
720,131.26,transfer,afternoon,0,mobile,29,1,46.01,0
721,278.61,transfer,afternoon,0,mobile,38,0,1.52,0
722,20.0,purchase,night,0,mobile,110,0,28.37,0
723,6.88,purchase,morning,0,unknown,97,0,43.66,0
724,135.14,cash_withdrawal,night,0,mobile,18,0,63.38,0
725,85.44,cash_withdrawal,afternoon,0,mobile,71,0,45.01,0
726,184.41,purchase,morning,0,desktop,65,0,33.78,0
727,15.06,cash_withdrawal,morning,0,unknown,97,0,38.81,0
728,158.61,purchase,night,0,desktop,1,3,24.23,0
729,22.52,transfer,afternoon,0,mobile,88,0,92.45,0
730,17.87,transfer,night,0,mobile,4,0,52.17,0
731,17.94,cash_withdrawal,night,0,mobile,4,1,1.34,0
732,168.51,purchase,night,0,mobile,82,0,1.94,0
733,109.42,purchase,morning,0,mobile,27,1,97.3,0
734,74.04,cash_withdrawal,morning,0,mobile,43,0,22.15,0
735,44.45,purchase,afternoon,1,unknown,59,2,80.56,1
736,209.72,transfer,afternoon,0,mobile,32,2,5.83,0
737,49.83,cash_withdrawal,night,0,desktop,33,0,92.12,0
738,169.61,cash_withdrawal,night,0,desktop,28,0,87.44,0
739,57.83,purchase,night,0,mobile,106,1,57.11,0
740,47.31,cash_withdrawal,afternoon,0,desktop,105,1,0.9,0
741,62.12,purchase,morning,0,mobile,55,0,25.78,0
742,35.86,purchase,morning,0,mobile,100,1,40.68,0
743,137.68,purchase,night,1,desktop,60,0,46.01,0
744,69.86,purchase,night,0,mobile,70,0,29.77,0
745,26.42,purchase,night,1,unknown,62,0,3.29,1
746,229.83,cash_withdrawal,night,0,mobile,80,1,59.01,0
747,48.43,transfer,afternoon,0,mobile,34,0,52.42,0
748,78.43,transfer,morning,0,mobile,87,0,28.3,0
749,236.95,cash_withdrawal,night,0,mobile,114,1,3.8,0
750,97.88,cash_withdrawal,afternoon,0,mobile,106,0,99.46,0
751,12.43,transfer,night,0,desktop,88,1,48.2,0
752,281.06,transfer,night,0,desktop,56,1,75.6,0
753,98.81,transfer,morning,0,desktop,113,0,45.23,0
754,40.78,transfer,night,0,mobile,13,0,4.32,0
755,15.0,transfer,morning,1,desktop,56,1,30.96,0
756,158.0,purchase,morning,0,desktop,18,0,32.01,0
757,96.78,cash_withdrawal,morning,0,desktop,54,1,83.84,0
758,76.24,purchase,afternoon,1,mobile,77,0,65.42,0
759,224.33,transfer,afternoon,0,desktop,113,0,27.54,0
760,155.4,transfer,morning,0,desktop,101,1,96.77,0
761,16.45,transfer,night,0,mobile,43,0,32.15,0
762,37.36,purchase,morning,1,desktop,39,0,99.82,0
763,28.57,purchase,night,0,mobile,61,0,99.62,0
764,136.24,transfer,morning,0,mobile,42,3,19.12,0
765,3.41,purchase,night,0,mobile,81,1,31.27,0
766,84.37,purchase,afternoon,0,mobile,79,1,48.6,0
767,143.74,transfer,night,0,mobile,18,0,66.41,0
768,209.37,purchase,morning,0,desktop,23,1,52.8,0
769,41.87,cash_withdrawal,afternoon,0,mobile,54,1,96.94,0
770,172.18,cash_withdrawal,night,0,desktop,115,1,72.4,0
771,11.72,cash_withdrawal,night,1,desktop,30,1,21.2,0
772,187.37,cash_withdrawal,night,0,mobile,98,0,10.51,0
773,13.64,transfer,night,0,desktop,58,0,68.84,0
774,50.63,transfer,night,0,unknown,68,0,15.85,0
775,159.6,transfer,afternoon,0,desktop,67,0,78.77,0
776,16.24,cash_withdrawal,afternoon,1,desktop,71,1,31.1,0
777,26.04,cash_withdrawal,afternoon,0,unknown,18,0,32.69,0
778,128.1,purchase,afternoon,0,desktop,106,2,1.08,0
779,127.31,purchase,morning,0,mobile,7,1,70.1,0
780,102.48,cash_withdrawal,afternoon,0,desktop,40,0,11.33,0
781,118.4,cash_withdrawal,night,0,desktop,70,0,77.29,0
782,78.25,cash_withdrawal,night,0,mobile,86,0,49.19,0
783,29.01,cash_withdrawal,afternoon,0,mobile,65,3,78.43,0
784,42.42,purchase,night,1,desktop,68,0,58.39,0
785,20.04,cash_withdrawal,afternoon,0,mobile,110,0,8.24,0
786,239.09,purchase,night,0,unknown,49,0,76.57,0
787,87.56,cash_withdrawal,morning,0,mobile,52,1,6.98,0
788,51.22,cash_withdrawal,morning,0,mobile,114,2,47.87,0
789,61.99,cash_withdrawal,afternoon,0,mobile,107,0,17.23,0
790,294.28,purchase,afternoon,0,mobile,29,0,75.23,0
791,16.65,purchase,afternoon,0,desktop,21,2,91.16,0
792,88.24,transfer,night,1,unknown,90,0,55.41,1
793,70.5,cash_withdrawal,afternoon,0,desktop,78,0,52.71,0
794,94.53,transfer,morning,0,mobile,9,0,76.4,0
795,1.83,transfer,night,0,mobile,47,0,0.51,0
796,205.67,purchase,afternoon,0,desktop,76,0,91.78,0
797,269.0,purchase,night,0,unknown,42,0,19.74,0
798,83.27,transfer,night,0,mobile,51,1,98.41,0
799,119.29,cash_withdrawal,afternoon,1,mobile,56,0,73.63,0
800,255.75,purchase,night,1,mobile,51,0,77.43,1
801,122.84,cash_withdrawal,morning,1,desktop,70,0,65.62,0
802,16.55,cash_withdrawal,morning,0,desktop,20,0,47.17,0
803,85.87,transfer,night,0,mobile,88,0,57.16,0
804,93.32,transfer,afternoon,0,mobile,27,0,4.64,0
805,55.19,transfer,night,1,desktop,38,0,62.4,0
806,133.35,transfer,morning,0,mobile,72,1,62.61,0
807,272.37,purchase,night,0,mobile,65,1,89.12,0
808,259.79,purchase,night,0,mobile,54,0,50.57,0
809,59.94,transfer,morning,0,mobile,113,0,7.71,0
810,12.02,purchase,night,0,mobile,113,0,30.62,0
811,418.92,transfer,night,0,desktop,24,3,65.56,0
812,182.57,cash_withdrawal,afternoon,0,desktop,47,0,23.93,0
813,13.31,cash_withdrawal,afternoon,0,desktop,71,0,28.05,0
814,253.63,cash_withdrawal,morning,0,desktop,83,0,82.05,0
815,203.94,transfer,morning,0,mobile,86,2,58.43,0
816,73.16,cash_withdrawal,morning,0,desktop,63,1,50.85,0
817,89.47,purchase,afternoon,0,mobile,57,0,31.85,0
818,50.92,cash_withdrawal,morning,0,desktop,55,0,73.09,0
819,5.63,cash_withdrawal,morning,0,unknown,60,1,28.77,0
820,40.83,cash_withdrawal,morning,0,mobile,99,0,73.71,0
821,162.38,purchase,afternoon,0,mobile,62,0,7.01,0
822,0.46,transfer,night,0,mobile,30,0,86.45,0
823,40.57,purchase,morning,0,mobile,93,1,49.96,0
824,50.78,transfer,night,0,mobile,22,0,43.85,0
825,77.09,transfer,morning,0,desktop,75,0,61.1,0
826,252.39,cash_withdrawal,night,1,unknown,84,0,62.42,1
827,42.52,transfer,afternoon,0,mobile,29,0,13.2,0
828,42.61,purchase,afternoon,0,mobile,115,1,75.62,0
829,133.75,purchase,morning,0,mobile,41,1,27.59,0
830,60.19,transfer,night,1,desktop,42,0,90.5,1
831,25.44,cash_withdrawal,afternoon,0,mobile,98,0,81.79,0
832,60.23,cash_withdrawal,morning,0,mobile,65,3,34.63,0
833,15.18,purchase,morning,0,mobile,31,0,80.77,0
834,19.41,cash_withdrawal,afternoon,0,mobile,30,1,35.64,0
835,68.99,transfer,afternoon,0,mobile,112,0,10.09,0
836,54.29,transfer,morning,0,desktop,18,1,96.19,0
837,246.33,purchase,night,1,mobile,119,0,65.26,0
838,45.0,transfer,night,0,desktop,17,0,45.61,0
839,86.89,purchase,night,0,mobile,38,0,39.78,0
840,100.04,transfer,morning,0,desktop,14,0,32.47,0
841,1.32,purchase,afternoon,0,desktop,87,0,98.14,0
842,108.93,cash_withdrawal,morning,0,mobile,89,0,13.47,0
843,19.61,transfer,afternoon,1,mobile,79,0,31.48,0
844,324.6,transfer,night,0,mobile,110,0,48.55,0
845,16.09,purchase,night,0,desktop,56,1,47.8,0
846,53.55,purchase,afternoon,0,mobile,22,0,47.14,0
847,8.92,transfer,afternoon,0,unknown,67,0,17.58,0
848,576.81,purchase,morning,0,mobile,56,1,14.49,0
849,69.75,transfer,night,0,desktop,119,0,25.48,0
850,90.48,cash_withdrawal,morning,0,desktop,19,0,91.45,0
851,6.94,purchase,morning,0,desktop,57,1,11.31,0
852,138.61,transfer,morning,0,mobile,44,0,75.74,0
853,23.56,cash_withdrawal,night,1,mobile,98,0,75.75,1
854,228.33,cash_withdrawal,morning,0,desktop,35,0,80.98,0
855,22.96,transfer,morning,0,mobile,114,2,88.66,0
856,21.16,purchase,morning,0,mobile,1,1,26.3,0
857,3.72,transfer,morning,0,mobile,52,0,22.46,0
858,63.88,cash_withdrawal,morning,0,mobile,85,1,46.55,0
859,83.2,transfer,morning,1,mobile,93,1,26.51,0
860,6.8,purchase,night,0,mobile,70,0,73.43,0
861,149.4,cash_withdrawal,morning,0,mobile,37,1,63.59,0
862,60.38,transfer,afternoon,0,desktop,65,1,87.5,0
863,74.32,purchase,morning,0,desktop,51,1,8.27,0
864,58.12,cash_withdrawal,morning,0,desktop,1,0,91.51,0
865,51.21,purchase,night,0,unknown,91,2,29.33,0
866,82.02,cash_withdrawal,night,0,mobile,21,1,49.07,0
867,16.87,transfer,afternoon,0,mobile,53,0,43.86,0
868,20.08,purchase,afternoon,0,mobile,16,0,76.03,0
869,197.89,cash_withdrawal,night,0,mobile,108,1,42.03,0
870,292.09,purchase,night,0,unknown,61,1,94.36,0
871,46.73,purchase,morning,0,mobile,54,1,90.25,0
872,31.57,transfer,night,1,mobile,40,1,87.22,1
873,103.28,purchase,afternoon,0,mobile,26,2,7.13,0
874,52.55,cash_withdrawal,morning,0,mobile,80,0,85.43,0
875,2.57,cash_withdrawal,afternoon,0,desktop,92,1,78.16,0
876,16.98,cash_withdrawal,morning,0,mobile,65,2,10.35,0
877,125.87,cash_withdrawal,night,0,unknown,100,0,10.74,0
878,107.56,transfer,afternoon,0,mobile,74,0,10.12,0
879,2.75,purchase,morning,0,mobile,64,0,1.13,0
880,25.1,transfer,morning,1,desktop,43,1,54.86,0
881,26.28,purchase,night,0,mobile,17,0,97.34,0
882,111.44,purchase,night,0,unknown,59,0,43.87,0
883,1.99,purchase,night,0,unknown,23,0,54.08,0
884,10.99,transfer,afternoon,0,desktop,7,0,96.8,0
885,160.9,purchase,morning,0,desktop,44,1,25.52,0
886,19.67,transfer,night,0,mobile,53,1,85.85,0
887,105.77,cash_withdrawal,afternoon,0,unknown,71,0,54.64,0
888,27.2,cash_withdrawal,afternoon,0,mobile,108,1,56.95,0
889,10.47,purchase,afternoon,0,desktop,79,0,34.32,0
890,27.86,transfer,night,0,unknown,34,0,56.16,0
891,128.11,cash_withdrawal,night,0,unknown,46,0,7.31,0
892,193.58,transfer,morning,0,desktop,109,0,76.46,0
893,177.33,transfer,morning,1,mobile,68,0,28.47,0
894,50.61,purchase,night,0,unknown,78,0,88.76,0
895,110.29,cash_withdrawal,afternoon,0,desktop,78,0,36.79,0
896,22.94,purchase,afternoon,1,unknown,16,0,14.28,0
897,34.69,purchase,afternoon,0,desktop,71,0,69.59,0
898,226.66,cash_withdrawal,morning,0,mobile,96,0,16.46,0
899,1.31,cash_withdrawal,afternoon,0,mobile,19,0,75.37,0
900,8.94,transfer,morning,0,mobile,2,1,96.81,0
901,23.31,cash_withdrawal,morning,0,desktop,10,1,77.96,0
902,2.69,transfer,afternoon,0,mobile,50,1,2.24,0
903,20.02,transfer,afternoon,0,mobile,81,1,59.99,0
904,87.48,transfer,night,0,mobile,101,0,69.54,0
905,54.72,cash_withdrawal,night,1,desktop,12,1,82.55,1
906,223.19,purchase,afternoon,0,mobile,70,0,5.6,0
907,170.07,transfer,morning,0,mobile,22,2,48.01,0
908,41.83,purchase,morning,1,mobile,32,0,53.54,0
909,30.03,purchase,morning,0,mobile,105,1,16.91,0
910,47.75,cash_withdrawal,morning,1,mobile,84,2,32.24,0
911,89.23,purchase,morning,0,mobile,1,1,44.02,0
912,31.21,purchase,night,0,mobile,54,0,83.32,0
913,97.86,cash_withdrawal,afternoon,0,unknown,111,0,92.94,0
914,52.66,transfer,night,0,desktop,117,0,62.84,0
915,80.31,purchase,morning,0,mobile,58,0,39.49,0
916,57.29,cash_withdrawal,morning,1,unknown,70,1,25.4,0
917,34.88,purchase,morning,0,mobile,83,0,98.21,0
918,296.53,purchase,morning,0,desktop,18,1,98.3,0
919,144.23,transfer,afternoon,1,desktop,6,0,92.5,0
920,15.1,purchase,morning,0,mobile,45,0,78.57,0
921,202.85,cash_withdrawal,afternoon,0,mobile,97,1,32.58,0
922,66.83,purchase,morning,1,mobile,23,0,81.7,0
923,224.95,transfer,afternoon,0,mobile,23,0,40.88,0
924,160.87,transfer,night,0,desktop,26,0,32.68,0
925,55.38,cash_withdrawal,morning,1,mobile,77,0,74.49,0
926,2.27,transfer,afternoon,0,mobile,7,0,7.97,0
927,31.29,purchase,night,0,mobile,79,0,4.86,0
928,78.01,transfer,morning,0,mobile,44,1,44.8,0
929,100.37,cash_withdrawal,morning,0,mobile,27,0,44.56,0
930,29.83,transfer,morning,1,mobile,26,0,89.56,0
931,15.01,transfer,afternoon,0,desktop,97,0,12.62,0
932,180.14,transfer,afternoon,0,mobile,79,1,12.33,0
933,416.06,cash_withdrawal,night,0,mobile,36,0,14.75,0
934,74.59,transfer,afternoon,0,desktop,109,1,2.97,0
935,18.84,transfer,afternoon,0,mobile,55,0,7.17,0
936,31.79,purchase,morning,0,desktop,64,0,65.99,0
937,1.86,cash_withdrawal,morning,0,desktop,91,0,43.16,0
938,245.69,transfer,morning,0,mobile,57,0,76.36,0
939,12.53,cash_withdrawal,morning,0,mobile,69,0,99.26,0
940,85.92,transfer,morning,0,mobile,61,0,65.9,0
941,32.03,transfer,morning,0,mobile,2,1,5.05,0
942,80.78,transfer,morning,0,mobile,55,0,10.46,0
943,105.39,purchase,night,0,mobile,97,0,88.1,0
944,177.04,purchase,night,0,mobile,80,0,52.75,0
945,23.12,purchase,night,0,mobile,87,0,82.48,0
946,1.11,cash_withdrawal,night,0,desktop,38,3,85.66,0
947,14.72,cash_withdrawal,morning,0,mobile,119,0,92.77,0
948,230.28,purchase,night,0,mobile,80,0,94.98,0
949,207.06,cash_withdrawal,morning,0,mobile,78,0,55.48,0
950,90.98,transfer,night,0,desktop,29,0,34.1,0
951,91.76,transfer,afternoon,1,mobile,26,1,96.19,0
952,109.37,transfer,night,0,desktop,35,1,54.74,0
953,19.28,purchase,night,0,mobile,79,2,6.43,0
954,245.82,cash_withdrawal,morning,1,desktop,67,1,64.28,0
955,54.26,purchase,night,0,mobile,87,3,58.77,0
956,48.31,cash_withdrawal,afternoon,1,mobile,29,1,89.58,0
957,73.17,transfer,morning,0,mobile,34,0,65.32,0
958,4.81,purchase,morning,0,mobile,97,1,34.91,0
959,18.19,cash_withdrawal,night,0,mobile,41,0,96.62,0
960,133.95,cash_withdrawal,morning,0,mobile,41,0,80.16,0
961,8.64,transfer,morning,0,desktop,23,0,63.04,0
962,92.42,purchase,morning,0,unknown,71,0,29.29,0
963,28.15,purchase,morning,0,mobile,3,0,37.35,0
964,49.31,purchase,morning,0,mobile,58,0,67.0,0
965,34.07,transfer,morning,0,mobile,32,0,7.2,0
966,43.95,purchase,afternoon,0,desktop,31,0,25.67,0
967,126.96,transfer,night,1,mobile,82,2,71.39,1
968,35.26,transfer,afternoon,0,unknown,43,2,48.0,0
969,83.56,transfer,morning,0,mobile,7,1,40.24,0
970,64.64,cash_withdrawal,morning,0,mobile,105,0,15.15,0
971,108.97,purchase,night,0,desktop,1,0,44.18,0
972,276.19,purchase,afternoon,0,desktop,61,1,77.07,0
973,131.89,transfer,night,0,mobile,14,1,26.4,0
974,24.2,transfer,afternoon,0,mobile,52,0,0.54,0
975,3.17,purchase,morning,0,unknown,96,0,66.85,0
976,30.42,transfer,night,0,mobile,6,0,97.26,0
977,90.41,purchase,night,0,desktop,103,0,60.68,0
978,5.28,cash_withdrawal,morning,0,mobile,10,0,11.99,0
979,68.59,transfer,night,0,desktop,71,2,32.07,0
980,90.84,purchase,afternoon,0,desktop,90,1,86.76,0
981,40.68,transfer,afternoon,0,mobile,98,0,23.26,0
982,147.36,purchase,afternoon,0,desktop,30,0,60.77,0
983,11.27,purchase,afternoon,0,mobile,100,0,40.27,0
984,7.81,transfer,morning,0,mobile,21,0,20.78,0
985,130.26,cash_withdrawal,night,0,mobile,60,0,81.34,0
986,68.42,purchase,afternoon,0,mobile,81,1,74.28,0
987,116.6,purchase,morning,0,desktop,97,0,66.16,0
988,57.06,purchase,night,0,mobile,74,0,23.63,0
989,28.29,cash_withdrawal,night,0,mobile,115,0,9.79,0
990,170.98,cash_withdrawal,morning,0,mobile,63,0,57.62,0
991,160.65,transfer,morning,0,mobile,111,1,55.37,0
992,118.64,cash_withdrawal,afternoon,0,mobile,42,1,18.84,0
993,31.77,transfer,night,0,desktop,51,0,5.62,0
994,89.22,transfer,night,0,unknown,64,1,8.07,0
995,44.78,cash_withdrawal,morning,1,desktop,76,0,99.28,0
996,9.61,transfer,night,0,mobile,56,0,78.36,0
997,249.27,cash_withdrawal,afternoon,0,mobile,80,0,92.2,0
998,14.71,transfer,night,0,mobile,41,0,19.51,0
999,300.05,cash_withdrawal,morning,0,mobile,32,0,96.06,0
1000,59.06,cash_withdrawal,morning,0,mobile,15,2,14.27,0
